timestamp_ms,cluster_name,current_mv,duration_ms,head_hz,thorax_hz,abdomen_hz,wing_l_hz,wing_r_hz,leg_l1_hz,leg_l2_hz,leg_l3_hz,leg_r1_hz,leg_r2_hz,leg_r3_hz
1789762818771,SApp_SApp_L,8.0,1503,26.276,146.396,3.087,0.000,0.000,0.883,0.518,0.484,0.924,1.036,3.003
1789763869947,SApp_SApp_L,8.0,35,15.015,87.588,15.296,0.000,0.000,5.299,11.391,10.171,2.772,9.837,4.505
1789763870273,SNpp35_,8.0,101,15.015,87.588,15.296,0.000,0.000,5.299,11.391,10.171,2.772,9.837,4.505
1789763870611,SApp_SApp_R,8.0,112,26.276,126.376,11.367,40.040,20.020,3.091,6.731,7.750,3.234,7.766,6.006
1789763870703,SNpp14_,8.0,87,26.276,126.376,11.367,40.040,20.020,3.091,6.731,7.750,3.234,7.766,6.006
1789763870939,SApp_SApp_R,8.0,82,26.276,126.376,11.367,40.040,20.020,3.091,6.731,7.750,3.234,7.766,6.006
1789763871060,SNpp14_,8.0,108,26.276,126.376,11.367,40.040,20.020,3.091,6.731,7.750,3.234,7.766,6.006
1789763871386,SApp_SApp_R,8.0,10,13.138,87.588,13.050,0.000,0.000,5.299,10.355,4.844,2.310,9.320,4.505
1789763871483,SNpp14_,8.0,107,13.138,87.588,13.050,0.000,0.000,5.299,10.355,4.844,2.310,9.320,4.505
1789763871609,SApp_SApp_R,8.0,10,13.138,87.588,13.050,0.000,0.000,5.299,10.355,4.844,2.310,9.320,4.505
1789763871706,SNpp14_,8.0,107,13.138,87.588,13.050,0.000,0.000,5.299,10.355,4.844,2.310,9.320,4.505
1789763871843,SApp_SApp_R,8.0,9,13.138,87.588,13.050,0.000,0.000,5.299,10.355,4.844,2.310,9.320,4.505
1789763871929,SNpp14_,8.0,95,13.138,87.588,13.050,0.000,0.000,5.299,10.355,4.844,2.310,9.320,4.505
1789763872054,SApp_SApp_R,8.0,108,13.138,87.588,13.050,0.000,0.000,5.299,10.355,4.844,2.310,9.320,4.505
1789763872131,SNpp14_,8.0,69,13.138,87.588,13.050,0.000,0.000,5.299,10.355,4.844,2.310,9.320,4.505
1789763872446,SNpp35_,8.0,102,18.769,107.608,12.629,30.030,10.010,3.091,6.213,6.297,1.386,5.178,4.004
1789763872599,SApp_SApp_L,8.0,129,18.769,107.608,12.629,30.030,10.010,3.091,6.213,6.297,1.386,5.178,4.004
1789763872722,SNpp35_,8.0,118,18.769,107.608,12.629,30.030,10.010,3.091,6.213,6.297,1.386,5.178,4.004
1789763878206,SApp_SApp_L,8.0,149,7.508,85.085,13.191,0.000,0.000,3.533,6.731,4.844,3.696,5.695,5.506
1789763878581,SNpp35_,8.0,139,22.523,121.371,12.208,20.020,10.010,4.416,5.178,4.359,3.696,6.213,4.004
1789763879022,SApp_SApp_L,8.0,121,22.523,121.371,12.208,20.020,10.010,4.416,5.178,4.359,3.696,6.213,4.004
1789763879187,SNpp35_,8.0,122,16.892,90.090,16.559,0.000,0.000,4.858,7.249,5.812,3.696,6.213,2.503
1789763879370,SApp_SApp_L,8.0,124,16.892,90.090,16.559,0.000,0.000,4.858,7.249,5.812,3.696,6.213,2.503
1789763879533,SNpp35_,8.0,109,16.892,90.090,16.559,0.000,0.000,4.858,7.249,5.812,3.696,6.213,2.503
1789763881542,SNpp23_,8.0,36,13.138,82.583,11.086,0.000,0.000,4.858,5.695,4.359,3.696,7.766,4.004
1789763881602,SNpp20_,8.0,96,13.138,82.583,11.086,0.000,0.000,4.858,5.695,4.359,3.696,7.766,4.004
1789763881761,SNpp23_,8.0,68,13.138,82.583,11.086,0.000,0.000,4.858,5.695,4.359,3.696,7.766,4.004
1789763881789,SNpp20_,8.0,96,13.138,82.583,11.086,0.000,0.000,4.858,5.695,4.359,3.696,7.766,4.004
1789763881939,SNpp23_,8.0,59,20.646,122.623,7.858,10.010,10.010,1.766,8.284,8.234,1.386,5.178,6.507
1789763881959,SNpp20_,8.0,79,20.646,122.623,7.858,10.010,10.010,1.766,8.284,8.234,1.386,5.178,6.507
1789763882136,SNpp23_,8.0,76,20.646,122.623,7.858,10.010,10.010,1.766,8.284,8.234,1.386,5.178,6.507
1789763882148,SNpp20_,8.0,88,20.646,122.623,7.858,10.010,10.010,1.766,8.284,8.234,1.386,5.178,6.507
1789763882331,SNpp23_,8.0,82,20.646,122.623,7.858,10.010,10.010,1.766,8.284,8.234,1.386,5.178,6.507
1789763882334,SNpp20_,8.0,85,20.646,122.623,7.858,10.010,10.010,1.766,8.284,8.234,1.386,5.178,6.507
1789763882506,SNpp23_,8.0,67,20.646,122.623,7.858,10.010,10.010,1.766,8.284,8.234,1.386,5.178,6.507
1789763882514,SNpp20_,8.0,75,20.646,122.623,7.858,10.010,10.010,1.766,8.284,8.234,1.386,5.178,6.507
1789763882700,SNpp23_,8.0,72,20.646,122.623,7.858,10.010,10.010,1.766,8.284,8.234,1.386,5.178,6.507
1789763882712,SNpp20_,8.0,84,20.646,122.623,7.858,10.010,10.010,1.766,8.284,8.234,1.386,5.178,6.507
1789763882885,SNpp23_,8.0,74,20.646,81.331,9.683,0.000,0.000,3.533,6.213,3.875,0.924,8.284,5.506
1789763882898,SNpp20_,8.0,87,20.646,81.331,9.683,0.000,0.000,3.533,6.213,3.875,0.924,8.284,5.506
1789763883082,SNpp23_,8.0,95,20.646,81.331,9.683,0.000,0.000,3.533,6.213,3.875,0.924,8.284,5.506
1789763883098,SNpp20_,8.0,111,20.646,81.331,9.683,0.000,0.000,3.533,6.213,3.875,0.924,8.284,5.506
1789763883268,SNpp23_,8.0,85,20.646,81.331,9.683,0.000,0.000,3.533,6.213,3.875,0.924,8.284,5.506
1789763883282,SNpp20_,8.0,99,20.646,81.331,9.683,0.000,0.000,3.533,6.213,3.875,0.924,8.284,5.506
1789763883445,SNpp23_,8.0,68,20.646,81.331,9.683,0.000,0.000,3.533,6.213,3.875,0.924,8.284,5.506
1789763883463,SNpp20_,8.0,86,20.646,81.331,9.683,0.000,0.000,3.533,6.213,3.875,0.924,8.284,5.506
1789763883632,SNpp23_,8.0,56,18.769,118.869,16.699,20.020,30.030,3.975,7.249,9.203,1.848,6.731,6.507
1789763883642,SNpp20_,8.0,66,18.769,118.869,16.699,20.020,30.030,3.975,7.249,9.203,1.848,6.731,6.507
1789763883820,SNpp23_,8.0,35,18.769,118.869,16.699,20.020,30.030,3.975,7.249,9.203,1.848,6.731,6.507
1789763883850,SNpp20_,8.0,65,18.769,118.869,16.699,20.020,30.030,3.975,7.249,9.203,1.848,6.731,6.507
1789763884026,SNpp23_,8.0,83,18.769,118.869,16.699,20.020,30.030,3.975,7.249,9.203,1.848,6.731,6.507
1789763884028,SNpp20_,8.0,85,18.769,118.869,16.699,20.020,30.030,3.975,7.249,9.203,1.848,6.731,6.507
1789763884211,SNpp20_,8.0,84,18.769,118.869,16.699,20.020,30.030,3.975,7.249,9.203,1.848,6.731,6.507
1789763884224,SNpp23_,8.0,97,18.769,118.869,16.699,20.020,30.030,3.975,7.249,9.203,1.848,6.731,6.507
1789763884395,SNpp20_,8.0,67,18.769,118.869,16.699,20.020,30.030,3.975,7.249,9.203,1.848,6.731,6.507
1789763884424,SNpp23_,8.0,96,18.769,118.869,16.699,20.020,30.030,3.975,7.249,9.203,1.848,6.731,6.507
1789763884587,SNpp20_,8.0,57,16.892,95.095,11.086,0.000,0.000,1.325,8.802,8.718,0.462,4.142,5.005
1789763884619,SNpp23_,8.0,89,16.892,95.095,11.086,0.000,0.000,1.325,8.802,8.718,0.462,4.142,5.005
1789763884778,SNpp20_,8.0,61,16.892,95.095,11.086,0.000,0.000,1.325,8.802,8.718,0.462,4.142,5.005
1789763884815,SNpp23_,8.0,98,16.892,95.095,11.086,0.000,0.000,1.325,8.802,8.718,0.462,4.142,5.005
1789763884966,SNpp20_,8.0,50,16.892,95.095,11.086,0.000,0.000,1.325,8.802,8.718,0.462,4.142,5.005
1789763885010,SNpp23_,8.0,94,16.892,95.095,11.086,0.000,0.000,1.325,8.802,8.718,0.462,4.142,5.005
1789763885156,SNpp20_,8.0,42,16.892,95.095,11.086,0.000,0.000,1.325,8.802,8.718,0.462,4.142,5.005
1789763885202,SNpp23_,8.0,88,16.892,95.095,11.086,0.000,0.000,1.325,8.802,8.718,0.462,4.142,5.005
1789763885356,SNpp20_,8.0,33,15.015,80.080,14.033,0.000,0.000,3.975,7.766,9.687,2.310,6.731,6.507
1789763885415,SNpp23_,8.0,92,15.015,80.080,14.033,0.000,0.000,3.975,7.766,9.687,2.310,6.731,6.507
1789763885549,SNpp20_,8.0,36,15.015,80.080,14.033,0.000,0.000,3.975,7.766,9.687,2.310,6.731,6.507
1789763885612,SNpp23_,8.0,99,15.015,80.080,14.033,0.000,0.000,3.975,7.766,9.687,2.310,6.731,6.507
1789763885745,SNpp20_,8.0,30,15.015,80.080,14.033,0.000,0.000,3.975,7.766,9.687,2.310,6.731,6.507
1789763885797,SNpp23_,8.0,82,15.015,80.080,14.033,0.000,0.000,3.975,7.766,9.687,2.310,6.731,6.507
1789763885940,SNpp20_,8.0,44,15.015,80.080,14.033,0.000,0.000,3.975,7.766,9.687,2.310,6.731,6.507
1789763885984,SNpp23_,8.0,88,15.015,80.080,14.033,0.000,0.000,3.975,7.766,9.687,2.310,6.731,6.507
1789763886130,SNpp20_,8.0,62,15.015,80.080,14.033,0.000,0.000,3.975,7.766,9.687,2.310,6.731,6.507
1789763886168,SNpp23_,8.0,99,15.015,80.080,14.033,0.000,0.000,3.975,7.766,9.687,2.310,6.731,6.507
1789763886326,SNpp20_,8.0,71,22.523,121.371,11.787,30.030,30.030,1.766,6.213,6.781,1.386,8.284,8.008
1789763886330,SNpp23_,8.0,75,22.523,121.371,11.787,30.030,30.030,1.766,6.213,6.781,1.386,8.284,8.008
1789763886498,SNpp20_,8.0,54,22.523,121.371,11.787,30.030,30.030,1.766,6.213,6.781,1.386,8.284,8.008
1789763886538,SNpp23_,8.0,94,22.523,121.371,11.787,30.030,30.030,1.766,6.213,6.781,1.386,8.284,8.008
1789763886684,SNpp20_,8.0,35,22.523,121.371,11.787,30.030,30.030,1.766,6.213,6.781,1.386,8.284,8.008
1789763886732,SNpp23_,8.0,83,22.523,121.371,11.787,30.030,30.030,1.766,6.213,6.781,1.386,8.284,8.008
1789763886860,SNpp20_,8.0,20,22.523,121.371,11.787,30.030,30.030,1.766,6.213,6.781,1.386,8.284,8.008
1789763886923,SNpp23_,8.0,83,22.523,121.371,11.787,30.030,30.030,1.766,6.213,6.781,1.386,8.284,8.008
1789763887053,SNpp20_,8.0,21,13.138,97.598,15.015,0.000,0.000,4.858,5.178,6.297,2.772,9.320,6.507
1789763887117,SNpp23_,8.0,85,13.138,97.598,15.015,0.000,0.000,4.858,5.178,6.297,2.772,9.320,6.507
1789763887249,SNpp20_,8.0,23,13.138,97.598,15.015,0.000,0.000,4.858,5.178,6.297,2.772,9.320,6.507
1789763887319,SNpp23_,8.0,93,13.138,97.598,15.015,0.000,0.000,4.858,5.178,6.297,2.772,9.320,6.507
1789763887432,SNpp20_,8.0,86,13.138,97.598,15.015,0.000,0.000,4.858,5.178,6.297,2.772,9.320,6.507
1789763887898,SNxx25_,8.0,57,18.769,82.583,13.612,10.010,10.010,2.208,5.695,4.359,0.924,4.142,6.006
1789763887960,SNpp25_,8.0,119,18.769,82.583,13.612,10.010,10.010,2.208,5.695,4.359,0.924,4.142,6.006
1789763888308,SNpp25_,8.0,91,18.769,82.583,13.612,10.010,10.010,2.208,5.695,4.359,0.924,4.142,6.006
1789763888309,SNxx25_,8.0,92,18.769,82.583,13.612,10.010,10.010,2.208,5.695,4.359,0.924,4.142,6.006
1789763890508,SNxx25_,8.0,966,30.030,116.366,13.612,40.040,30.030,3.975,3.624,3.875,4.158,9.837,4.505
1789763898271,SNxx25_,8.0,5905,13.138,91.341,19.085,0.000,0.000,2.650,10.355,5.812,2.772,9.320,4.004
1789763901991,SNpp25_,8.0,3663,22.523,80.080,12.629,10.010,0.000,3.091,6.731,4.844,1.386,5.695,4.505
1789763903307,SNxx25_,8.0,1214,18.769,127.628,11.367,20.020,0.000,5.299,6.213,5.812,0.924,5.178,4.004
1789763903684,SNpp23_,8.0,224,22.523,97.598,12.910,20.020,10.010,4.416,8.802,6.297,3.696,6.731,6.006
1789763903881,SNpp20_,8.0,181,22.523,97.598,12.910,20.020,10.010,4.416,8.802,6.297,3.696,6.731,6.006
1789763904107,SNpp34_,8.0,14,22.523,97.598,12.910,20.020,10.010,4.416,8.802,6.297,3.696,6.731,6.006
1789763904221,SNpp15_,8.0,128,22.523,97.598,12.910,20.020,10.010,4.416,8.802,6.297,3.696,6.731,6.006
1789763904458,SNpp12_,8.0,107,16.892,93.844,13.752,0.000,0.000,1.325,6.731,2.906,0.924,4.660,6.006
1789763904574,SNpp14_,8.0,115,16.892,93.844,13.752,0.000,0.000,1.325,6.731,2.906,0.924,4.660,6.006
1789763904966,SApp_SApp_R,8.0,71,16.892,93.844,13.752,0.000,0.000,1.325,6.731,2.906,0.924,4.660,6.006
1789763905010,SNpp35_,8.0,115,16.892,93.844,13.752,0.000,0.000,1.325,6.731,2.906,0.924,4.660,6.006
1789763905456,SApp_SApp_L,8.0,103,16.892,93.844,13.752,0.000,0.000,1.325,6.731,2.906,0.924,4.660,6.006
1789763905497,SNpp21_,8.0,144,16.892,93.844,13.752,0.000,0.000,1.325,6.731,2.906,0.924,4.660,6.006
1789763905804,none_,8.0,103,16.892,93.844,13.752,0.000,0.000,1.325,6.731,2.906,0.924,4.660,6.006
1789763906262,SNpp35_,8.0,182,16.892,93.844,13.752,0.000,0.000,1.325,6.731,2.906,0.924,4.660,6.006
1789763906384,SApp_SApp_L,8.0,65,16.892,93.844,13.752,0.000,0.000,1.325,6.731,2.906,0.924,4.660,6.006
1789763906624,SNpp35_,8.0,149,16.892,93.844,13.752,0.000,0.000,1.325,6.731,2.906,0.924,4.660,6.006
1789763906877,SApp_SApp_R,8.0,116,16.892,93.844,13.752,0.000,0.000,1.325,6.731,2.906,0.924,4.660,6.006
1789763907017,SNpp21_,8.0,135,16.892,93.844,13.752,0.000,0.000,1.325,6.731,2.906,0.924,4.660,6.006
1789763910223,SNpp25_,8.0,2304,16.892,101.351,15.296,20.020,10.010,4.416,6.213,5.812,0.924,7.249,2.503
1789763910247,SNxx25_,8.0,2328,16.892,101.351,15.296,20.020,10.010,4.416,6.213,5.812,0.924,7.249,2.503
1789763911568,SNpp23_,8.0,110,20.646,91.341,11.787,20.020,10.010,6.624,6.213,5.328,5.082,8.802,4.505
1789763912014,SNxx25_,8.0,144,20.646,91.341,11.787,20.020,10.010,6.624,6.213,5.328,5.082,8.802,4.505
1789763922312,SNpp23_,8.0,10121,15.015,110.110,13.331,10.010,10.010,2.650,7.249,5.328,1.386,9.837,5.506
1789763928957,SNpp21_,8.0,3469,11.261,81.331,16.138,0.000,0.000,1.766,8.284,5.812,0.462,4.660,1.502
1789763931898,SApp_SApp_R,8.0,2851,18.769,103.854,13.191,0.000,0.000,5.299,6.213,3.875,2.310,6.213,6.006
1789763935428,SNpp35_,8.0,3278,15.015,115.115,12.208,30.030,10.010,4.416,9.320,5.328,0.462,10.355,4.505
